,firstname,lastname,name,email
0,Tina,Marco,Tina Marco,tinamarco@gmail.com
1,Jensen,Huang,Jensen Huang,jensenhuang@gmail.com
2,James,Bonds,James Bonds,jamesbonds@gmail.com
3,Anthony,Johns,Anthony Johns,anthonyjohns@gmail.com
4,Maria,Ahearn,Maria Ahearn,mariaahearn@gmail.com
5,Stephanie,Duell,Stephanie Duell,stephanieduell@gmail.com
6,Victoria,Lanoue,Victoria Lanoue,victorialanoue@gmail.com
7,Douglas,Scott,Douglas Scott,douglasscott@gmail.com
8,Thaddeus,Weaver,Thaddeus Weaver,thaddeusweaver@gmail.com
9,Inga,Neville,Inga Neville,inganeville@gmail.com
10,Sean,Holliday,Sean Holliday,seanholliday@gmail.com
11,Edward,Demarsico,Edward Demarsico,edwarddemarsico@gmail.com
12,Linda,Richmond,Linda Richmond,lindarichmond@gmail.com
13,Trudy,Culley,Trudy Culley,trudyculley@gmail.com
14,Nancy,Parks,Nancy Parks,nancyparks@gmail.com
15,Gary,Ricks,Gary Ricks,garyricks@gmail.com
16,Novella,Holland,Novella Holland,novellaholland@gmail.com
17,John,Welch,John Welch,johnwelch@gmail.com
18,Daniel,Daniels,Daniel Daniels,danieldaniels@gmail.com
19,Martin,Holliday,Martin Holliday,martinholliday@gmail.com
20,Linda,Smith,Linda Smith,lindasmith@gmail.com
21,Robert,Garcia,Robert Garcia,robertgarcia@gmail.com
22,Eddie,Zirin,Eddie Zirin,eddiezirin@gmail.com
23,Norma,Pribbenow,Norma Pribbenow,normapribbenow@gmail.com
24,Daniel,Dominguez,Daniel Dominguez,danieldominguez@gmail.com
25,David,Barnhart,David Barnhart,davidbarnhart@gmail.com
26,Ann,Hawes,Ann Hawes,annhawes@gmail.com
27,Thomas,Delozier,Thomas Delozier,thomasdelozier@gmail.com
28,Irene,Puckett,Irene Puckett,irenepuckett@gmail.com
29,Bonnie,Lozano,Bonnie Lozano,bonnielozano@gmail.com
30,Brenda,Webster,Brenda Webster,brendawebster@gmail.com
31,Linda,Strackbein,Linda Strackbein,lindastrackbein@gmail.com
32,George,Allen,George Allen,georgeallen@gmail.com
33,Jermaine,Serrano,Jermaine Serrano,jermaineserrano@gmail.com
34,Richard,Moy,Richard Moy,richardmoy@gmail.com
35,Ronald,Felder,Ronald Felder,ronaldfelder@gmail.com
36,Richard,Nall,Richard Nall,richardnall@gmail.com
37,Preston,Blass,Preston Blass,prestonblass@gmail.com
38,Phillip,Ibarra,Phillip Ibarra,phillipibarra@gmail.com
39,Timothy,Warren,Timothy Warren,timothywarren@gmail.com
40,Nell,Bailey,Nell Bailey,nellbailey@gmail.com
41,Leah,Putnam,Leah Putnam,leahputnam@gmail.com
42,Thomas,Cadena,Thomas Cadena,thomascadena@gmail.com
43,Sheila,Mccarthy,Sheila Mccarthy,sheilamccarthy@gmail.com
44,Edna,Moore,Edna Moore,ednamoore@gmail.com
45,Paul,Kittler,Paul Kittler,paulkittler@gmail.com
46,Vivian,Guy,Vivian Guy,vivianguy@gmail.com
47,Linda,Moseley,Linda Moseley,lindamoseley@gmail.com
48,Harry,Manteca,Harry Manteca,harrymanteca@gmail.com
49,Carmen,Deere,Carmen Deere,carmendeere@gmail.com
50,Sean,Bonds,Sean Bonds,seanbonds@gmail.com
51,Scott,Blau,Scott Blau,scottblau@gmail.com
52,Barry,Irvin,Barry Irvin,barryirvin@gmail.com
53,Grace,Maney,Grace Maney,gracemaney@gmail.com
54,Judith,Kraft,Judith Kraft,judithkraft@gmail.com
55,Christopher,Peale,Christopher Peale,christopherpeale@gmail.com
56,Lance,Smith,Lance Smith,lancesmith@gmail.com
57,Patrick,Villarreal,Patrick Villarreal,patrickvillarreal@gmail.com
58,Glen,Wheatley,Glen Wheatley,glenwheatley@gmail.com
59,Joanne,Dansie,Joanne Dansie,joannedansie@gmail.com
60,Vanessa,Knowles,Vanessa Knowles,vanessaknowles@gmail.com
61,Dennis,Pough,Dennis Pough,dennispough@gmail.com
62,Humberto,Vida,Humberto Vida,humbertovida@gmail.com
63,Roni,Baker,Roni Baker,ronibaker@gmail.com
64,Vivian,Daniels,Vivian Daniels,viviandaniels@gmail.com
65,Evelyn,Smiley,Evelyn Smiley,evelynsmiley@gmail.com
66,Marco,Smoke,Marco Smoke,marcosmoke@gmail.com
67,Anne,Parker,Anne Parker,anneparker@gmail.com
68,Mary,Blew,Mary Blew,maryblew@gmail.com
69,Jerry,Little,Jerry Little,jerrylittle@gmail.com
70,Ryan,Wise,Ryan Wise,ryanwise@gmail.com
71,William,Weaver,William Weaver,williamweaver@gmail.com
72,Rebecca,Murphy,Rebecca Murphy,rebeccamurphy@gmail.com
73,Herman,Schneider,Herman Schneider,hermanschneider@gmail.com
74,Bobby,Mitchell,Bobby Mitchell,bobbymitchell@gmail.com
75,Michael,Olds,Michael Olds,michaelolds@gmail.com
76,Ross,Ellison,Ross Ellison,rossellison@gmail.com
77,Stacy,Coronado,Stacy Coronado,stacycoronado@gmail.com
78,Jim,Roman,Jim Roman,jimroman@gmail.com
79,Sandra,May,Sandra May,sandramay@gmail.com
80,John,Mizrahi,John Mizrahi,johnmizrahi@gmail.com
81,Robert,Paige,Robert Paige,robertpaige@gmail.com
82,Doris,Olmstead,Doris Olmstead,dorisolmstead@gmail.com
83,Vincent,Fountain,Vincent Fountain,vincentfountain@gmail.com
84,David,Clark,David Clark,davidclark@gmail.com
85,David,Pratt,David Pratt,davidpratt@gmail.com
86,Melissa,Roberts,Melissa Roberts,melissaroberts@gmail.com
87,Michael,Ford,Michael Ford,michaelford@gmail.com
88,Kendra,Vercher,Kendra Vercher,kendravercher@gmail.com
89,Katy,Dess,Katy Dess,katydess@gmail.com
90,Douglas,Mckoy,Douglas Mckoy,douglasmckoy@gmail.com
91,Roxanne,Bartlett,Roxanne Bartlett,roxannebartlett@gmail.com
92,Kaley,Hooper,Kaley Hooper,kaleyhooper@gmail.com
93,Jacob,Yang,Jacob Yang,jacobyang@gmail.com
94,Devon,Gonzalez,Devon Gonzalez,devongonzalez@gmail.com
95,Mary,Jacobs,Mary Jacobs,maryjacobs@gmail.com
96,Robert,Ford,Robert Ford,robertford@gmail.com
97,Bobby,Ayres,Bobby Ayres,bobbyayres@gmail.com
